{"cameraMode":{"drawMode":0,"name":"Shaded","section":"Shading Mode"},"sceneLighting":true,"audioPlay":false,"sceneViewState":{"showFog":true,"showMaterialUpdate":true,"showSkybox":true,"showFlares":true,"showImageEffects":true,"showParticleSystems":true},"in2DMode":false,"pivot":{"x":114.59504699707031,"y":-44.71846008300781,"z":-23.039772033691408},"rotation":{"x":0.1062513217329979,"y":0.8447803258895874,"z":-0.18208815157413484,"w":0.49185794591903689},"size":72.93402099609375,"orthographic":false}