{"cameraMode":{"drawMode":0,"name":"Shaded","section":"Shading Mode"},"sceneLighting":true,"audioPlay":false,"sceneViewState":{"showFog":true,"showMaterialUpdate":true,"showSkybox":true,"showFlares":true,"showImageEffects":true,"showParticleSystems":true},"in2DMode":false,"pivot":{"x":108.24113464355469,"y":-4.471168518066406,"z":32.72809600830078},"rotation":{"x":-0.04373481124639511,"y":-0.6942517757415772,"z":0.04192466661334038,"w":-0.7173957228660584},"size":67.0654525756836,"orthographic":false}