{"cameraMode":{"drawMode":0,"name":"Shaded","section":"Shading Mode"},"sceneLighting":true,"audioPlay":false,"sceneViewState":{"showFog":true,"showMaterialUpdate":true,"showSkybox":true,"showFlares":true,"showImageEffects":true,"showParticleSystems":true},"in2DMode":false,"pivot":{"x":23.976247787475587,"y":6.7063493728637699,"z":22.786373138427736},"rotation":{"x":-0.04641345515847206,"y":-0.7021093368530273,"z":0.04560259357094765,"w":-0.7091287970542908},"size":16.958812713623048,"orthographic":false}